<?xml version="1.0"?>
<odoo>
    <data noupdate="1">
        <record id="web_sale_extended_template_sale_update" model="mail.template">
            <field name="name">Sale: Process update</field>
            <field name="model_id" ref="sale_order"/>
            <field name="subject">Shoping update</field>
            <field name="body_html" type="html">
<div>

    <p>
        Buen día<br/><br/>
        Señor usuario, usted está reportado en el Sistema de Administración del Riesgo de Lavado de Activos y de la Financiación del Terrorismo (SARLAFT). Por favor contacte otro proveedor.
    </p>
    <br/>
</div>
            </field>
            <field name="auto_delete" eval="True"/>
            <field name="user_signature" eval="False"/>
        </record>
    </data>
</odoo>
