<?xml version="1.0"?>
<odoo>
    <data noupdate="1">
        <record id="ir_cron_invoice_api_tusdatos_get_satus" model="ir.cron">
            <field name="name">TusDatos Validation: Status</field>
            <field name="model_id" ref="model_sale_order"/>
            <field name="type">ir.actions.server</field>
            <field name="state">code</field>
            <field name="code">model.cron_get_status_tusdatos()</field>
            <field eval="False" name="active" />
            <field name="user_id" ref="base.user_root" />
            <field name="interval_number">10</field>
            <field name="interval_type">minutes</field>
            <field name="numbercall">-1</field>
        </record>
    </data>
</odoo>